 ,,,,
,,,,
Sur1,,,,
eV,Point 1,Point 2,Point 3,Point 4
20,1063250,808000,1174350,1078150
20.5,1033650,806300,1168000,1066450
21,1022500,785500,1151600,1062250
21.5,1012300,764000,1135600,1043800
22,996200,735200,1131950,1044200
22.5,984550,715700,1116200,1043450
23,968900,733500,1107250,1043400
23.5,954800,728650,1103700,1041900
24,956700,711300,1090150,1044900
24.5,944000,700200,1074800,1029500
25,928200,689850,1074950,1028350
25.5,913000,682800,1059000,1006700
26,895700,676150,1040450,1003250
26.5,867300,664750,1028250,1006450
27,851500,644200,1007100,985450
27.5,839150,647200,998100,971550
28,837250,635250,979550,950900
28.5,826200,644300,959650,935600
29,810300,642600,937300,932200
29.5,815250,633650,932600,909400
30,806300,626750,915950,899250
30.5,798050,617950,904950,894150
31,795800,605250,897100,884450
31.5,783650,611750,890450,866350
32,780800,606650,879700,866250
32.5,777850,575550,875200,854750
33,773800,561450,876650,858300
33.5,776250,558700,884050,859850
34,772550,561300,873650,856900
34.5,774900,575200,878400,863350
35,782000,596600,884750,861800
35.5,770400,603950,896900,868150
36,769700,597900,909600,884500
36.5,765250,598200,898800,878550
37,765400,604350,883150,872950
37.5,757550,601950,886450,864550
38,745800,597950,878400,857550
38.5,742050,592650,854250,840650
39,735900,585350,841950,827400
39.5,739850,575900,840550,830850
40,741750,586650,851750,824750
40.5,731900,603100,860000,830000
41,748100,599500,876950,839800
41.5,743300,608750,893750,862750
42,751550,603600,911500,885550
42.5,750500,600300,921850,901450
43,740800,590450,919450,897750
43.5,738900,568450,897550,889150
44,736150,560050,875600,874550
44.5,729700,557600,849000,838750
45,709000,546650,810100,820550
45.5,704650,546850,785800,798100
46,694500,545000,769700,770450
46.5,682600,535300,762000,756900
47,676500,526950,766250,738150
47.5,663400,523650,745850,744200
48,669750,533150,739750,732250
48.5,664650,525000,749900,734600
49,669900,525150,744800,741700
49.5,666750,524350,736200,727450
50,667350,517700,745250,724250
50.5,653900,516900,738400,721000
51,659000,510600,726150,729450
51.5,673900,508950,726700,731250
52,672900,512000,727500,719200
52.5,666350,517350,722150,710450
53,669850,510500,721600,712150
53.5,669100,519300,734800,715700
54,649750,514850,721100,701800
54.5,634650,490000,721550,697500
55,610050,467450,717400,701550
55.5,584400,448350,712500,694350
56,560100,433650,715350,689150
56.5,554450,418150,708250,686950
57,546250,417650,700350,688550
57.5,544100,416650,702050,699650
58,548450,420050,710250,695200
58.5,541050,422600,709450,688600
59,555600,428800,702000,677050
59.5,545200,420700,701550,675200
60,537400,417200,704450,677500
60.5,541450,429900,706850,684500
61,533500,432150,705350,677700
61.5,541550,430350,702800,678800
62,532950,428750,699950,681000
62.5,532700,434700,707650,685350
63,543450,432550,701750,685400
63.5,531700,429150,698100,678450
64,530450,435450,694750,678400
64.5,529200,430350,691900,685100
65,527000,429550,695250,688100
65.5,520950,427700,695450,680650
66,517250,426650,697400,674950
66.5,527050,424350,697750,672300
67,525500,427050,684800,676400
67.5,531200,426850,694500,668150
68,526700,431500,691500,662600
68.5,521350,430650,688550,661100
69,519550,423450,688600,660550
69.5,511900,414900,692200,658200
70,520800,415300,696100,653100
70.5,518700,418900,695850,660950
71,520150,420150,684100,664050
71.5,512650,421650,682500,665500
72,517000,425050,689950,665200
72.5,522750,422650,695450,658800
73,514950,424900,683600,655200
73.5,519450,423350,686600,660150
74,508150,419400,685950,664200
74.5,515350,421050,680950,652800
75,522700,415550,683450,659700
75.5,510100,430000,690650,658250
76,509350,426200,679900,664100
76.5,508650,417850,679900,655450
77,508350,421000,696900,658900
77.5,508850,419400,686100,664800
78,507550,424300,685300,651900
78.5,510300,425500,696550,659500
79,509600,419050,698050,663200
79.5,513600,421000,693400,666050
80,512200,418250,697900,661650
80.5,518050,415850,698400,650700
81,520250,417400,694050,657300
81.5,520000,415050,693700,665850
82,511400,413950,697000,658750
82.5,512100,411950,706900,657100
83,508700,415300,694600,672100
83.5,512400,426150,693800,660100
84,515450,430500,699700,655400
84.5,512400,428800,695250,654700
85,506750,426400,695700,653550
85.5,506800,423500,695600,650100
86,517300,423700,706000,655150
86.5,513700,423850,699800,659550
87,507450,428200,705100,659900
87.5,504850,423500,713700,667950
88,511250,418600,708150,669250
88.5,513250,414800,710300,671600
89,510400,419700,704850,667100
89.5,515100,424150,708400,677450
90,508000,418900,703000,671600
90.5,511200,408150,708300,674100
91,514250,408200,698900,674950
91.5,515900,418950,707200,681450
92,525150,418650,719000,675250
92.5,523400,421500,705900,686550
93,515950,422100,708700,674650
93.5,516750,420000,703350,678500
94,516250,425000,712950,670750
94.5,520750,419850,705600,672850
95,519250,426050,707100,676400
95.5,523100,421850,711400,674100
96,521900,421650,708550,675750
96.5,519950,420450,710700,679050
97,518000,416550,722450,687150
97.5,517050,414500,727250,687100
98,519350,416000,722850,679550
98.5,519050,420850,722000,678250
99,515300,413500,723450,685750
99.5,520950,405900,722750,685150
100,522000,405350,723600,688350
100.5,524850,406250,731250,689550
101,527650,408800,726800,688150
101.5,518150,406450,722350,680600
102,520500,404050,718900,690350
102.5,524300,404100,726800,688250
103,526000,406600,729000,684000
103.5,523400,400350,731550,690150
104,521750,399400,722950,699150
104.5,528400,392350,721350,693750
105,523300,386500,730450,692800
105.5,529650,388300,730900,690600
106,521450,396150,731050,694100
106.5,521750,401450,726850,699550
107,519300,406500,718900,702150
107.5,529000,399550,731300,704700
108,531950,399000,734600,696200
108.5,528500,398600,743250,692550
109,525300,397850,738050,693200
109.5,530300,393550,738100,698900
110,525850,390950,738850,697450
110.5,529850,400100,734900,699250
111,525200,402200,731800,698500
111.5,521850,403550,738900,694750
112,522800,402150,747150,701700
112.5,537900,401350,735700,702600
113,535650,395800,735700,709150
113.5,531700,399650,735900,699750
114,532500,405650,735300,702650
114.5,531350,412300,732900,705450
115,534200,406150,727550,699150
115.5,539150,404200,724050,703700
116,541750,404800,737800,711800
116.5,535650,398650,741700,710950
117,539050,400700,737400,704300
117.5,540650,401100,744200,707100
118,537800,405150,749950,709550
118.5,535350,396500,745600,712600
119,532850,396200,744200,710350
119.5,530350,398400,742900,708650
120,532250,402950,737500,705350
120.5,545500,401800,738300,710550
121,536100,406700,742350,713600
121.5,536750,407400,743300,724700
122,543650,414900,754950,724000
122.5,542100,413550,750150,721150
123,547550,406100,750900,722100
123.5,547350,409050,752700,719300
124,550350,404050,751800,720150
124.5,550900,410550,757300,733700
125,549450,410450,762500,728700
125.5,554000,402150,762400,728500
126,551750,402050,757000,720500
126.5,550950,403750,759900,721950
127,562950,403850,761650,725100
127.5,556150,406900,761550,724800
128,548600,411500,758750,722650
128.5,551800,411400,763350,727850
129,562950,409950,767200,732850
129.5,558950,410400,767100,729400
130,566150,404250,762750,726750
130.5,562900,399250,766750,727650
131,559300,406750,768100,734050
131.5,563300,412200,759300,733800
132,553400,418050,766650,732700
132.5,563650,422350,776350,741800
133,562400,412950,781900,738850
133.5,563800,410800,778250,738850
134,567300,419900,775600,727250
134.5,569050,419100,775250,736050
135,568000,417400,777750,736300
135.5,567350,408700,775750,739250
136,566650,416650,778600,736650
136.5,564350,408250,777450,739850
137,576100,408150,776200,746800
137.5,570200,413150,788750,751650
138,574700,416150,781850,747450
138.5,573850,417750,784050,751150
139,570600,417450,784100,763450
139.5,559600,418650,783450,758800
140,558950,419300,787050,748750
140.5,564950,410150,782300,754250
141,569600,413600,778550,747050
141.5,563700,418000,785800,748700
142,561350,414150,790050,762050
142.5,559650,416750,789600,754350
143,568600,416350,789400,747750
143.5,573100,414650,791700,748750
144,573200,417400,786200,750100
144.5,581000,422950,788700,749750
145,591350,427800,789250,755450
145.5,593350,428300,794650,760550
146,606800,431650,792800,761800
146.5,607800,425750,813050,775650
147,622150,436450,823050,789850
147.5,632250,443550,835300,809350
148,637400,446000,853450,818550
148.5,646650,443900,864600,831600
149,649800,441100,873350,833900
149.5,637400,438050,862650,845400
150,628650,438850,873900,838600
150.5,622950,431900,865450,828300
151,612800,427150,852250,818550
151.5,602700,424000,843650,811600
152,598050,418600,835650,800900
152.5,584500,417400,824600,791800
153,578550,415950,815400,775800
153.5,571400,410050,801900,761300
154,559950,409400,793200,758900
154.5,548500,409250,780700,757350
155,540000,412650,785050,744700
155.5,529600,417450,779600,724600
156,519850,406800,769950,723350
156.5,530100,401500,762550,720500
157,539550,405900,760050,723750
157.5,538600,402150,760150,726550
158,539600,405650,764600,719450
158.5,533500,408550,762250,715800
159,534550,406300,757250,720650
159.5,533450,403450,756750,720800
160,533650,411050,751950,719600
160.5,537600,412400,751100,721800
161,530900,406050,756300,726750
161.5,534000,406950,761950,722200
162,539500,408400,759250,721400
162.5,535300,410650,757050,722100
163,532500,411300,762750,719950
163.5,531050,407700,764350,719500
164,534800,418450,775650,713100
164.5,542500,411950,758050,713050
165,538850,412250,761100,714450
165.5,537600,409800,748700,715000
166,542450,398550,758000,721400
166.5,540900,400700,765200,719450
167,542300,410300,761400,728600
167.5,544400,405200,758450,725700
168,537550,403900,757150,708700
168.5,536350,410200,752850,719600
169,546000,408450,758450,733150
169.5,544300,400500,765600,726400
170,548700,404850,765150,713850
170.5,546050,404750,763800,718650
171,541350,407200,765050,727250
171.5,539200,414200,768600,726250
172,542400,412950,767850,728450
172.5,544250,410300,771450,725300
173,544050,410650,771650,731200
173.5,537100,409450,771600,731750
174,537400,406950,774850,729600
174.5,536650,409300,777950,727950
175,531450,415650,773350,730500
175.5,536400,411500,774250,730600
176,538800,408950,785650,735100
176.5,543200,412100,787450,730450
177,533050,413400,780350,728300
177.5,538800,415550,782650,734800
178,541700,420550,774850,734700
178.5,538400,422200,776850,730500
179,545500,413100,782250,732600
179.5,548200,412400,779400,737750
180,547600,412200,775000,739650
180.5,538750,409950,766750,744000
181,535500,410200,772800,735950
181.5,548350,415650,773350,735550
182,545600,413650,776500,728500
182.5,543450,414300,768950,733350
183,552000,420100,773550,733450
183.5,551750,418350,775200,734650
184,550700,413050,770450,732450
184.5,550100,411550,783850,738750
185,545300,412350,777950,727000
185.5,540100,411800,774150,726950
186,538300,411350,779150,739150
186.5,547750,411600,775250,737050
187,545650,411200,773300,730250
187.5,545800,420750,774400,736600
188,546750,409250,770700,743450
188.5,537800,411600,771050,739400
189,542950,411200,775100,737100
189.5,555850,418800,773000,749200
190,554000,419350,777350,742350
190.5,553450,418950,772650,741500
191,550750,424200,775900,741900
191.5,549200,419050,778950,732650
192,545350,410750,786900,737150
192.5,552650,417350,779100,741800
193,550600,418350,778450,738950
193.5,548850,426900,777800,736800
194,543900,418800,780450,741200
194.5,553600,414150,784100,740250
195,550250,412300,785800,739700
195.5,549700,417000,781650,733700
196,560000,421150,782100,740800
196.5,556600,415700,796500,744750
197,554150,411950,791900,746900
197.5,553650,420850,785750,744700
198,556100,428200,790150,745550
198.5,554200,417200,786850,740250
199,557800,421750,779450,738700
199.5,558400,419700,777100,735650
200,560350,414750,787100,742700
200.5,552300,418400,786650,737350
201,550650,417700,781250,738950
201.5,545700,416700,783400,741700
202,561900,417200,784150,748250
202.5,567450,413850,785000,743400
203,566800,420950,790950,747150
203.5,567400,427900,788050,748050
204,565150,422500,784000,750200
204.5,570250,421700,791850,755950
205,569600,419600,780450,739550
205.5,570150,419050,784550,749700
206,562800,413750,783500,750600
206.5,561500,422050,786350,755700
207,562550,427300,787800,753600
207.5,561550,429950,782550,746000
208,565450,418250,789700,756500
208.5,566550,429150,796650,757950
209,566250,424550,796300,755650
209.5,568300,425700,784600,762800
210,559350,420150,792350,752800
210.5,562600,423200,791300,750900
211,565200,419150,794250,756450
211.5,563900,422850,790600,749000
212,564650,421550,787150,753550
212.5,578450,421700,780450,761650
213,574300,427600,788800,758700
213.5,573700,424850,792500,764100
214,575450,418700,794150,762800
214.5,571750,423600,794050,763300
215,576050,424000,800550,758400
215.5,581300,415650,800200,757750
216,575750,419950,810550,752250
216.5,574200,425200,803400,750050
217,570250,420050,799600,760550
217.5,571450,421200,792700,754650
218,578650,418000,806450,750300
218.5,573700,423250,805050,751100
219,571900,423800,805100,757400
219.5,578100,430750,801100,756800
220,580200,431900,809350,758750
220.5,573200,428450,805150,760500
221,574700,426900,803550,765200
221.5,577800,425300,796250,763350
222,578250,422300,795200,763700
222.5,572750,415350,795850,758000
223,572850,417850,791450,768150
223.5,572950,420400,797700,757350
224,579900,426550,797300,758650
224.5,581100,424500,802050,767650
225,578550,417050,804050,766100
225.5,579600,421300,805500,758200
226,587250,423200,803500,766750
226.5,592250,425800,797150,773500
227,583950,428450,799150,765650
227.5,581900,430350,804100,759250
228,582350,436300,800500,760650
228.5,582000,433750,806300,755400
229,586250,434550,807200,758650
229.5,583750,429600,814500,765000
230,586700,429500,807600,769050
230.5,590400,426300,806650,766100
231,596750,427200,801900,761500
231.5,593800,423200,808000,772900
232,587750,424850,810950,786050
232.5,587000,426050,807100,775450
233,588600,426300,811050,770850
233.5,588900,428750,811200,764200
234,591050,426550,808150,768550
234.5,592300,428050,802950,768150
235,590850,428300,803350,773500
235.5,590000,432300,813450,761200
236,595650,429450,810800,754700
236.5,598700,428650,811800,761150
237,598850,434800,806600,769650
237.5,592700,435250,816250,774350
238,586950,430200,815400,773300
238.5,589850,431650,812750,774800
239,599600,427350,805300,776650
239.5,594200,426900,806700,781000
240,591700,430900,820450,782400
240.5,593400,432500,814700,778450
241,597500,429900,808700,776750
241.5,597800,427850,814450,771550
242,600400,428250,822750,779500
242.5,599150,429900,819150,777900
243,601500,430400,812050,779650
243.5,600150,427950,811900,790700
244,602500,431900,820450,779700
244.5,600200,430450,818950,774650
245,606850,434250,823750,779250
245.5,600750,430300,818500,777350
246,598900,429400,817500,783650
246.5,603050,426200,821500,776200
247,600200,435100,817050,770450
247.5,600850,424500,820950,780700
248,602000,424300,816500,790850
248.5,606750,427000,816600,789850
249,605000,425900,819500,792750
249.5,607400,422200,815450,790500
250,608000,423750,809100,787150
250.5,606200,424650,811600,780200
251,600950,429350,822500,789850
251.5,598250,424400,814050,787550
252,601900,420900,815850,783400
252.5,603750,425550,817450,792100
253,608750,432750,823200,792650
253.5,605100,428100,818150,794150
254,605300,423650,813600,786850
254.5,601050,427100,819550,790050
255,607200,423800,816900,796300
255.5,607800,428900,829800,798150
256,610400,433000,824600,792400
256.5,606300,430050,821050,793900
257,602300,427700,820250,787900
257.5,604100,429800,822550,788700
258,615700,425900,819050,793600
258.5,613700,426900,821400,789400
259,604100,425750,827650,785300
259.5,605550,433200,834750,791900
260,611350,430950,833700,797700
260.5,610500,427150,831700,795800
261,613150,434500,830750,792050
261.5,610000,435050,828050,793050
262,617350,439000,829850,796700
262.5,610450,434400,838900,794300
263,614700,431550,834850,792400
263.5,608750,435100,832750,799550
264,610450,430100,835300,789500
264.5,617950,431650,836000,798850
265,612150,434600,836050,795550
265.5,607800,432300,835750,788100
266,606350,429850,837150,793400
266.5,605000,430950,835700,800050
267,610950,428900,841250,799050
267.5,612700,431700,834300,793750
268,612100,433150,834850,804250
268.5,612100,432300,834400,798250
269,613100,427300,830650,795500
269.5,616500,421200,829050,786500
270,614500,426900,832050,791300
270.5,609650,427450,833200,789700
271,620200,430950,830700,800750
271.5,614850,436150,835300,798900
272,625750,434250,840200,801450
272.5,619200,437100,840750,800950
273,625850,436350,835000,798950
273.5,621600,437100,831800,799550
274,620250,435600,835850,796450
274.5,623550,434900,831250,792600
275,623000,432800,832100,797200
275.5,619650,432650,833050,793950
276,620300,433800,831200,797800
276.5,616650,438800,826000,794850
277,621350,436450,829100,795250
277.5,623700,438400,830450,795650
278,619350,441950,829500,791100
278.5,619000,445050,837050,797700
279,617650,446500,843500,794100
279.5,610800,442100,833450,792600
280,618750,446050,829850,783450
280.5,621200,443800,836650,791450
281,623150,445650,829900,798500
281.5,627900,446200,834100,800000
282,623900,443350,835550,790550
282.5,615400,445600,837200,789200
283,614350,443050,831950,792950
283.5,621500,446100,833250,790750
284,618500,447250,839550,801550
284.5,622550,446350,847400,795150
285,619050,439600,833950,800350
285.5,613100,443550,829050,803550
286,619350,450050,836850,796900
286.5,620450,447900,837600,790500
287,622900,443250,835850,801300
287.5,616900,456750,836050,804750
288,621850,451200,835850,798800
288.5,617550,453400,838850,795050
289,621000,449500,829300,804450
289.5,618750,450000,840800,805550
290,620500,457100,836750,804850
290.5,624850,451900,835850,798650
291,620800,456050,834600,797100
291.5,618650,457150,840750,800550
292,624000,450150,850000,799750
292.5,628150,446950,845150,806350
293,628050,452250,842650,799700
293.5,627400,444450,836900,801950
294,632300,453000,850100,801050
294.5,627700,460800,840250,804600
295,623500,455800,841250,804450
295.5,624250,456650,837400,810100
296,625150,460600,838800,811150
296.5,631400,459150,838450,810750
297,626200,461050,836750,809750
297.5,629050,457800,844550,810200
298,626100,462200,845600,817900
298.5,625950,462450,841550,809950
299,627050,466500,840100,804800
299.5,619750,463400,830500,804950
300,625250,471800,838850,810200
300.5,624950,463700,836400,808650
301,623500,459750,841950,804450
301.5,629450,464750,844750,812300
302,636700,462500,844450,812750
302.5,638300,458900,837700,818800
303,634750,454000,833400,808300
303.5,639850,457150,833650,810100
304,641750,459500,840500,807050
304.5,635700,460000,837200,807750
305,633650,466100,836500,805450
305.5,628700,465500,839050,798100
306,632100,466900,842800,806200
306.5,634200,459500,842250,814600
307,636900,463050,842050,814350
307.5,633700,463400,855400,811150
308,630900,464950,845900,800200
308.5,626650,462850,856300,811150
309,634900,463350,847800,808350
309.5,626700,460800,847900,810900
310,635850,469200,843750,814700
310.5,627300,464650,850600,815700
311,636100,463200,846200,817050
311.5,642450,466800,840400,811500
312,639000,460300,843100,809800
312.5,640500,463250,834700,811500
313,634700,464750,852800,814900
313.5,638250,464100,844300,816500
314,637000,461350,848750,813150
314.5,635100,459550,848200,811700
315,640050,465650,852100,805850
315.5,647200,467550,854700,808850
316,640650,463550,845700,815450
316.5,645800,460300,850650,815300
317,636800,458050,852300,824450
317.5,639150,460750,843350,826200
318,630950,464550,853400,820900
318.5,635300,461150,856950,819550
319,635600,456550,848200,823000
319.5,643350,452300,848700,821400
320,642250,451900,851550,817750
320.5,643400,453900,853800,814950
321,642150,451850,859300,821300
321.5,648100,452300,853950,825650
322,641100,451450,854250,820950
322.5,646700,457300,858600,818350
323,647600,451700,857200,821750
323.5,639200,457000,855000,812450
324,635300,450200,856700,813000
324.5,636300,455750,857950,821250
325,643500,455850,851350,823500
325.5,649550,454550,845700,824200
326,645550,459700,851750,825350
326.5,648750,451350,851550,820250
327,650250,454500,860550,823650
327.5,640700,457100,859300,821450
328,645700,448900,850350,827600
328.5,648450,453900,857150,822150
329,649300,455900,858350,817000
329.5,650300,453100,854800,812800
330,652250,458250,854400,819900
330.5,647700,452200,850500,820900
331,654000,449100,840950,821850
331.5,657600,452200,856750,823350
332,649650,459200,857800,828150
332.5,645400,454400,860500,827800
333,650200,453050,853350,824800
333.5,650800,448450,868200,831300
334,652200,449700,859400,826000
334.5,649300,445850,875150,826800
335,649200,438850,856550,826100
335.5,650450,445950,870100,834850
336,646000,447100,860900,831250
336.5,655400,450700,865150,837050
337,647300,439600,858250,829650
337.5,648600,444950,861850,835750
338,652550,436900,871850,834800
338.5,657750,440400,879650,831500
339,651900,438200,861900,831750
339.5,659950,441950,868850,834750
340,654000,442650,857850,835200
340.5,654600,440600,857700,830000
341,652300,440950,863750,834050
341.5,658800,444550,867800,835050
342,651750,444950,873000,841150
342.5,657800,449050,871000,845150
343,655550,444500,874550,833450
343.5,656700,443750,866050,834850
344,655500,445700,863200,831500
344.5,656650,446850,862450,833500
345,662100,442200,858800,834050
345.5,664450,442400,861150,832500
346,658400,443650,867950,830200
346.5,658000,449450,869000,836450
347,646000,449500,870000,840200
347.5,651500,447100,874200,835200
348,654200,448000,868800,837500
348.5,665200,455900,865500,840400
349,658200,454050,861800,834450
349.5,654750,452900,854700,835800
350,652200,453650,862050,836750
350.5,661600,449500,862750,837550
351,658650,455650,873550,846500
351.5,657300,457400,864350,841800
352,656300,450300,863900,845350
352.5,660250,446650,870850,842150
353,661300,449700,865050,840750
353.5,664000,450000,876050,840100
354,665850,453100,876050,843950
354.5,673750,455150,880400,849000
355,671400,458200,875500,849450
355.5,677000,454900,880300,836950
356,677250,454250,875900,852600
356.5,682750,454700,880800,848350
357,680650,455650,884800,853700
357.5,686000,447650,883000,847350
358,679850,449400,890450,845050
358.5,675850,450250,881300,841900
359,677150,447050,884250,841400
359.5,673850,454950,879800,845150
360,678000,464950,876200,840850
360.5,678450,459900,876400,852900
361,681900,453800,884050,848850
361.5,680400,457900,882950,849350
362,680100,457850,885400,853050
362.5,686650,454200,881850,849250
363,686550,454800,879800,855200
363.5,685300,447400,887600,857150
364,685750,456400,881950,850900
364.5,684250,451600,890450,863100
365,680300,459850,887950,851250
365.5,682700,460100,888050,863300
366,685400,460750,886200,848400
366.5,675250,458850,880600,852550
367,677650,454650,884250,848300
367.5,679200,460550,881800,852550
368,676850,456850,886350,859400
368.5,675150,459300,892150,864900
369,683300,459850,889950,860800
369.5,684250,458950,883850,858500
370,678350,460400,886550,854050
370.5,678700,459000,885100,858600
371,672300,461200,881200,854000
371.5,674750,458450,881700,852550
372,680650,462250,881000,852650
372.5,680950,460150,880850,854050
373,682850,466150,874650,858500
373.5,684950,458550,886300,853700
374,683700,458700,896050,853150
374.5,681100,458600,891000,854200
375,675600,463300,896500,859250
375.5,687500,464250,888200,857300
376,682050,463350,897500,857750
376.5,684600,461400,891800,861700
377,691750,468750,890800,853700
377.5,692400,467500,891150,866300
378,689650,471250,894900,865550
378.5,692850,463400,893450,861150
379,690650,463350,889050,866300
379.5,687900,461950,888250,867200
380,690500,464950,892200,867150
380.5,683600,463500,898800,863350
381,693900,468550,895550,866050
381.5,693050,464750,895200,861950
382,686500,467850,903750,867400
382.5,698850,466500,890100,867000
383,688900,465850,899350,867350
383.5,694350,470200,895550,868850
384,692050,468850,892600,860800
384.5,687800,474950,891750,863300
385,692500,471500,896000,876700
385.5,698850,473050,893700,873000
386,702250,476400,899450,865550
386.5,697850,458900,902750,869700
387,693900,471150,897750,862300
387.5,700200,466350,900700,872850
388,695550,464350,895200,871250
388.5,689800,469800,896600,881100
389,698750,462000,887850,875600
389.5,695400,467550,904350,868150
390,701200,457600,891650,868200
390.5,697700,467600,900350,875450
391,708250,466700,898550,875150
391.5,703500,471350,898550,861300
392,704850,469450,905750,868850
392.5,697100,469100,904400,867450
393,698300,471350,908300,865400
393.5,701350,471600,911150,861800
394,689650,469200,901000,877100
394.5,692650,463850,903900,876150
395,689800,462550,902600,878200
395.5,697550,463050,900950,871200
396,704650,466350,899300,868600
396.5,702150,473350,900200,871450
397,708850,470950,911600,868950
397.5,707500,470600,905600,869150
398,698900,471800,907450,876650
398.5,698500,473100,912650,873950
399,697850,474050,909400,882100
399.5,701500,469550,905100,884300
400,702350,470450,896950,882750
400.5,702700,473100,902100,878450
401,704400,474150,909150,872600
401.5,717300,478150,900550,873050
402,712450,476850,916500,875700
402.5,711500,484300,907500,878550
403,703000,481250,903650,877300
403.5,718850,476700,907150,878950
404,711500,479950,912650,879100
404.5,718200,472800,918700,880200
405,709900,477350,918700,884200
405.5,710400,479100,929850,875000
406,719550,479400,917300,884500
406.5,718100,477350,925600,875650
407,704150,475000,922400,887400
407.5,711900,479800,912900,867600
408,705950,470000,918400,878450
408.5,716700,475150,912300,890400
409,712250,473550,920800,895650
409.5,706950,478000,918250,884750
410,723050,479450,916750,888500
410.5,714200,475950,918800,886300
411,711350,475250,925900,879650
411.5,708750,482100,921850,886200
412,710550,484950,929700,885250
412.5,703850,479700,932150,891150
413,723700,483250,923150,889650
413.5,710050,487900,921300,889400
414,707800,489950,929650,884950
414.5,722150,483800,919400,880100
415,717700,483000,919850,882350
415.5,723450,482650,915200,886900
416,725300,480350,919950,897100
416.5,721300,482800,923800,884850
417,722400,481350,927050,889650
417.5,722250,486050,934550,893550
418,718200,483000,923550,890600
418.5,715600,487200,924800,894050
419,714750,488400,928800,906200
419.5,720950,491450,926300,895900
420,720150,500150,936350,905000
420.5,721050,487200,929850,895750
421,720050,485500,931850,900250
421.5,727900,487300,929550,892100
422,721000,483600,917200,898450
422.5,724800,484900,925050,883800
423,714900,492300,925500,897250
423.5,713500,493850,919900,893450
424,719650,484700,922650,892800
424.5,717800,483000,916550,898800
425,723950,481150,935100,902950
425.5,722400,481950,932250,900300
426,724500,489000,928300,900600
426.5,728550,487700,936300,914550
427,722950,484250,935000,902900
427.5,726850,483750,927400,894100
428,731050,486700,936100,896600
428.5,729150,484650,936650,899400
429,729600,491200,945400,894850
429.5,722950,489550,939350,894850
430,723150,487550,939100,901650
430.5,719600,487250,936450,903850
431,720500,488050,936250,909400
431.5,722850,487500,941600,906300
432,726150,482950,939200,911300
432.5,726750,496700,938750,905050
433,734050,492050,940250,899400
433.5,730750,487150,938800,908550
434,732250,483850,945950,903800
434.5,735200,488250,939000,903850
435,735100,485600,942950,900450
435.5,731800,492050,940150,899650
436,737800,488300,946250,914950
436.5,736250,502200,942250,911600
437,735100,491500,942600,912950
437.5,733000,500700,936200,921300
438,745900,494000,950200,919650
438.5,740800,492150,944950,912500
439,735600,494900,940150,916950
439.5,732600,492600,942300,907250
440,731300,493850,949350,904900
440.5,733900,497250,943300,916150
441,730800,494150,941250,911600
441.5,733850,497600,936250,920600
442,734700,504150,960100,915900
442.5,734350,503850,951000,913700
443,741500,507400,956000,917000
443.5,739300,500350,964600,914800
444,740950,507700,962900,917600
444.5,741200,496150,969000,924950
445,743550,495850,950950,925700
445.5,747850,496100,958450,913150
446,749150,504250,951150,921000
446.5,747250,503850,949400,918200
447,751350,508250,957900,918800
447.5,755200,508900,944700,922050
448,751550,504550,946950,921500
448.5,738900,502700,949100,914300
449,751250,503900,957250,927300
449.5,756950,497950,963100,918400
450,747050,495300,959500,930100
450.5,744450,497350,958600,917500
451,752100,493250,954250,924800
451.5,750300,496800,961600,928900
452,751300,503200,959800,924800
452.5,753050,497250,965250,928600
453,748000,503650,971500,934400
453.5,754550,504400,969750,934100
454,749750,508100,974900,925850
454.5,750450,513750,959700,930900
455,748150,506450,963950,929200
455.5,753600,509500,960300,938600
456,749100,503850,966450,931300
456.5,755500,510350,964300,931700
457,757300,503850,973950,930250
457.5,753000,506550,968550,938300
458,759150,505950,962350,939100
458.5,759750,507400,972200,937300
459,750850,508450,961100,928400
459.5,751000,511350,967400,933300
460,760800,508100,974600,936100
460.5,767450,511950,971650,939550
461,767500,507950,961250,943400
461.5,765550,514900,976350,930850
462,766800,508300,980400,949850
462.5,763900,513350,975350,933000
463,757850,509900,973350,942500
463.5,760700,511700,974800,942100
464,770000,520000,983250,938850
464.5,770100,512000,976700,944550
465,768950,512800,974900,942600
465.5,777000,514250,976750,955450
466,780650,510650,978000,956000
466.5,767050,516100,975950,954400
467,775100,518750,975300,960950
467.5,771050,521150,984600,960100
468,766900,517300,985400,955900
468.5,781200,514550,987000,946500
469,776600,521150,991100,954550
469.5,769850,522200,994150,953250
470,772900,520900,990950,950750
470.5,777650,516250,991950,961200
471,772300,519250,996200,959900
471.5,770950,516450,994200,958950
472,774050,512350,996500,964200
472.5,778450,517850,993150,963650
473,781350,518150,998150,961850
473.5,773300,521450,993100,964650
474,782400,525900,990400,956700
474.5,784600,515850,997450,967250
475,779500,522500,1006700,968700
475.5,790900,522200,1005450,968850
476,782650,515650,1011550,974350
476.5,782300,525400,1000300,976800
477,790900,526850,1006450,968200
477.5,783850,527400,1010100,968500
478,780000,530050,1006950,965150
478.5,783200,519800,1007450,966250
479,789900,527000,1008050,967750
479.5,777850,530250,1004150,964000
480,782400,530850,1011050,962050
480.5,786750,529700,994300,969500
481,781150,528900,999150,968500
481.5,787300,527850,997450,956350
482,781750,524750,1003550,961450
482.5,787350,526050,1007000,961450
483,784700,525500,1010250,969900
483.5,785400,531150,1005500,970650
484,794300,530900,1023700,971200
484.5,791700,522200,1019500,984600
485,789100,532800,1016350,980300
485.5,798250,528800,1019050,983450
486,792400,533950,1030550,987750
486.5,804350,533450,1022150,989600
487,805550,533250,1031000,992950
487.5,807750,538450,1033750,990400
488,807800,545300,1027750,999100
488.5,809850,539000,1030050,997600
489,809800,540600,1022050,1003650
489.5,809800,547050,1032800,1012450
490,817500,540450,1031500,1019000
490.5,812250,538250,1029400,1012100
491,808050,536850,1041950,1015300
491.5,809900,536850,1040550,1013450
492,808300,537250,1041900,1003500
492.5,812150,536050,1033600,997850
493,793350,535800,1035450,994350
493.5,791400,537650,1042750,996250
494,799300,537550,1031250,995100
494.5,790900,538800,1023100,988800
495,793050,536400,1032300,988600
495.5,804150,542800,1023650,985800
496,799400,533800,1019450,982000
496.5,790450,534250,1028500,971750
497,801450,539450,1022050,967350
497.5,791800,534700,1028400,991850
498,785150,530000,1021500,979650
498.5,784550,532750,1017300,987150
499,782500,539600,1021650,979550
499.5,781050,537900,1016750,987600
500,786350,544100,1015350,992200
500.5,786500,540300,1028500,980600
501,785950,538850,1020300,988600
501.5,791400,542100,1015650,985550
502,792000,528850,1024100,986400
502.5,786100,539150,1036950,990700
503,791850,532850,1035800,994300
503.5,799550,534900,1030050,993850
504,801800,543750,1037450,1004650
504.5,805650,547350,1036050,999450
505,815050,547850,1035950,1001850
505.5,814750,552550,1041400,1006900
506,828100,555100,1048200,1012650
506.5,828150,554100,1056150,1015350
507,835700,560350,1061400,1023100
507.5,852500,569800,1079950,1030700
508,865700,569550,1088050,1049000
508.5,882250,573500,1103000,1065800
509,892000,579200,1120900,1089250
509.5,905900,583000,1130850,1101000
510,897850,581200,1151300,1103800
510.5,893300,575200,1153050,1114150
511,887600,573550,1139350,1113150
511.5,868700,565100,1142000,1094000
512,849400,558750,1130100,1081700
512.5,826450,552350,1093850,1072950
513,811200,545500,1074800,1036500
513.5,795650,540800,1062150,1013950
514,784100,538300,1042000,1008800
514.5,776050,528150,1023650,989950
515,765200,534850,1023400,975100
515.5,758800,536650,1018250,969300
516,763800,527400,1004600,965000
516.5,746900,525250,1010550,955400
517,749900,525400,1007950,956050
517.5,755850,521200,991250,947350
518,742650,519550,992600,947900
518.5,738700,518000,984500,961700
519,747300,521850,989600,953300
519.5,743900,524050,980150,944350
520,744450,522000,978850,950700
520.5,747800,519200,986850,943100
521,744950,523100,979100,936450
521.5,742750,519850,977600,932850
522,737350,520750,989500,935000
522.5,738400,530350,984550,937950
523,730800,521450,983250,922400
523.5,729000,528100,983550,927500
524,726150,524350,972950,938600
524.5,723000,520850,969600,930000
525,726300,522800,976400,925550
525.5,719700,519750,985350,921800
526,730600,528000,980750,921900
526.5,736850,529900,990000,929100
527,736500,525800,987150,933750
527.5,729550,526650,981650,927450
528,731150,524400,977900,931250
528.5,737250,528050,986000,931950
529,732550,526250,989000,926350
529.5,722900,522250,996050,931950
530,724550,524650,991200,937550
530.5,722350,527000,988400,929500
531,731500,525250,988850,929900
531.5,734300,532100,976350,938600
532,733200,526800,978400,936850
532.5,734450,519050,983000,938500
533,736750,523400,992400,940350
533.5,736100,526150,985150,937850
534,737650,523250,975900,942800
534.5,733250,525650,983650,938200
535,735900,520400,985900,936950
535.5,731800,523650,986400,941000
536,729950,529000,987250,935250
536.5,731400,522950,990000,928400
537,726450,525450,986300,933000
537.5,735100,528750,989450,935750
538,736050,527350,988100,932900
538.5,736700,528250,977500,934200
539,741550,522800,983800,941300
539.5,742050,531550,987200,947050
540,744600,525950,981900,939950
540.5,744350,534550,981450,937350
541,741700,530750,984450,950050
541.5,744350,538250,988850,943100
542,741700,532350,992450,949550
542.5,739000,532100,987250,950100
543,745700,528250,977950,944450
543.5,746950,530650,983850,938400
544,738050,535650,985950,939000
544.5,743200,535000,985150,941700
545,746200,531450,987800,944350
545.5,749300,531200,984900,948250
546,743200,529900,988400,946200
546.5,739400,526750,982850,949500
547,747050,526550,991700,950500
547.5,751500,535950,993750,942450
548,744300,529900,989900,943650
548.5,745800,533800,985150,954600
549,742450,532500,989700,948550
549.5,746300,532550,991600,950200
550,745350,530500,988600,953350
550.5,752300,527800,994700,946050
551,756450,531400,986350,947850
551.5,745200,532750,998250,952750
552,749700,532050,994750,945550
552.5,759700,533400,988050,949000
553,755200,540050,990450,951900
553.5,750900,536000,992650,952450
554,753200,527650,999150,951100
554.5,751050,537550,1003600,943400
555,747200,540650,1001400,952000
555.5,749300,534350,1012350,952400
556,742300,537250,1010250,944550
556.5,743050,537300,1007850,952750
557,746650,542550,1008600,958550
557.5,748250,540200,1013900,949450
558,747850,538350,1010300,949500
558.5,752950,537800,1010600,950700
559,748850,539850,1003500,945250
559.5,756400,540000,1015250,961500
560,750750,537450,1005050,955050
560.5,755150,537350,1000100,948100
561,749850,536650,1007650,952650
561.5,743550,542000,1011550,963250
562,746350,541700,1001550,965700
562.5,749350,541800,1001650,956000
563,751400,535250,1004950,955500
563.5,744000,536350,1005700,957500
564,743250,542450,1007250,952300
564.5,745250,541050,1015150,949500
565,749850,543100,1014750,952150
565.5,749550,542450,1012650,958850
566,750350,545650,1022200,955850
566.5,750250,538800,1019250,957050
567,756950,538000,1016600,948300
567.5,747550,536100,1020600,949800
568,742100,537700,1004950,959050
568.5,744850,546000,1002300,956150
569,745100,542100,1016200,946250
569.5,750500,537800,1015600,955900
570,747950,544750,1019650,963300
570.5,745050,548100,1022150,955100
571,752750,552450,1025200,959650
571.5,744600,547800,1027700,964700
572,751800,551450,1025650,964800
572.5,750550,554100,1022750,963200
573,750000,545050,1027200,965050
573.5,742600,545650,1026050,959300
574,737950,548550,1025100,970000
574.5,746950,542350,1024400,967950
575,745350,548500,1022150,971700
575.5,747150,541950,1021400,969050
576,747950,550200,1021200,966500
576.5,746050,546450,1025950,977600
577,747900,541950,1026350,965600
577.5,743900,543150,1023300,962750
578,743100,545500,1031450,970900
578.5,747650,548350,1025650,966500
579,739950,545650,1029700,971100
579.5,740800,550300,1032700,962900
580,742500,547350,1023750,968600
580.5,753850,550200,1038200,973100
581,751300,554550,1034950,962800
581.5,745200,551700,1029500,969250
582,754550,548250,1031400,979900
582.5,750800,551800,1035250,977000
583,746250,555800,1030700,963800
583.5,742250,554900,1026800,970600
584,747950,553600,1023100,971750
584.5,752250,550750,1027000,971500
585,741400,553000,1025050,965550
585.5,745950,554350,1027750,969750
586,749200,560450,1022900,966550
586.5,752600,556050,1031800,959550
587,753350,554200,1039050,969700
587.5,756650,547450,1036600,962450
588,741850,551050,1024350,956950
588.5,747800,553450,1034100,963650
589,754400,548150,1029800,970750
589.5,757650,554900,1025100,963800
590,741450,554000,1038700,959450
590.5,747600,551600,1031550,963000
591,748100,555650,1045150,966100
591.5,750000,563500,1039750,980000
592,751100,563850,1039650,972350
592.5,753650,553600,1028950,964400
593,751600,557450,1038550,969450
593.5,747150,560550,1036400,978000
594,746250,561350,1030550,971000
594.5,740850,559200,1039800,973600
595,748500,554050,1042850,965150
595.5,757000,556150,1031350,964700
596,749150,560650,1040600,982300
596.5,747600,560350,1040300,977000
597,758700,558250,1032150,967450
597.5,743150,563400,1033800,972400
598,740600,559100,1033100,978700
598.5,752450,560900,1041650,971450
599,752400,561750,1049450,975400
599.5,744500,565700,1039250,984350
600,749200,562350,1045350,974800
600.5,744500,559100,1045150,981650
601,737500,569250,1038850,979150
601.5,749100,564000,1042400,973250
602,755950,564150,1046400,976550
602.5,747250,569500,1039050,981100
603,752750,566550,1040200,971150
603.5,760050,561100,1047500,977800
604,753650,572600,1046500,979350
604.5,750950,565800,1043450,980000
605,752100,565700,1045050,974550
605.5,752250,570950,1051200,981650
606,752200,573250,1046950,967250
606.5,753300,575150,1050700,980750
607,754850,563450,1052700,981450
607.5,751750,575400,1054150,976500
608,754900,579250,1050200,979850
608.5,753500,576750,1045300,983350
609,756550,567700,1053200,988350
609.5,758450,569050,1045850,979000
610,750350,576950,1057950,975050
610.5,756650,567600,1049550,979850
611,759550,567200,1054950,978800
611.5,754350,576350,1059300,982250
612,748850,570050,1042350,982850
612.5,749200,561150,1043700,982500
613,758400,574200,1054650,981300
613.5,744150,574600,1056550,991350
614,752850,568600,1056250,992050
614.5,756200,574050,1049400,981950
615,757650,573700,1048500,990400
615.5,760900,567800,1052900,978600
616,759750,568150,1056650,974500
616.5,755300,573350,1050550,984800
617,763150,570650,1054800,994600
617.5,760450,575900,1039200,987800
618,758850,578900,1051750,990400
618.5,766850,576600,1054550,982500
619,770750,570950,1055150,985200
619.5,766500,575450,1060600,991450
620,758350,577400,1065950,993000
620.5,767450,575650,1065950,990200
621,765600,577000,1063050,991800
621.5,760250,571950,1064500,986850
622,758450,574450,1061000,980850
622.5,768500,578350,1065800,983500
623,767400,576500,1069550,979800
623.5,764700,579950,1068900,983800
624,761250,579300,1067800,988850
624.5,766650,578250,1055350,999550
625,763300,580300,1065650,991400
625.5,772150,585350,1071750,991900
626,764700,579350,1068950,996350
626.5,765050,587450,1070750,994250
627,774450,577750,1065650,993500
627.5,780450,571900,1068300,998250
628,773650,582850,1072950,990700
628.5,771550,581400,1069550,993050
629,784050,576900,1079700,997550
629.5,777500,576250,1076350,982650
630,771350,579050,1072450,982450
630.5,778750,578550,1076800,988200
631,769400,585450,1077600,997250
631.5,769700,580900,1074350,996900
632,781200,576200,1070950,987800
632.5,767900,579850,1069400,996000
633,761300,587100,1073600,1000900
633.5,767950,585300,1072850,1000950
634,780350,591450,1069500,999700
634.5,773450,582350,1076300,999900
635,770000,582600,1069500,995050
635.5,785350,581850,1072250,1000300
636,768550,585600,1082200,1001600
636.5,765700,581200,1082550,991500
637,777150,578600,1081300,1003750
637.5,775750,576900,1086200,1009250
638,763400,580700,1086050,1002000
638.5,768750,585950,1088750,1001400
639,781850,580500,1073050,997050
639.5,773750,579600,1075250,1004150
640,760200,581550,1076000,995950
640.5,775200,583950,1080500,995850
641,783550,585050,1078750,1011850
641.5,771400,589150,1079900,1004100
642,777100,590000,1085500,1003350
642.5,773450,584600,1071550,1007700
643,773450,595100,1076200,1013400
643.5,766100,595200,1084100,1010250
644,768700,587500,1080900,990050
644.5,773550,584200,1083200,1001500
645,776650,589250,1093100,1006350
645.5,773000,590800,1078450,996100
646,775200,591400,1080400,1008900
646.5,765900,589800,1088100,1011900
647,768550,592450,1084200,1002350
647.5,770450,593650,1082000,1007600
648,768500,594000,1086150,1006800
648.5,760700,586200,1089950,1002250
649,770600,596150,1099400,1002350
649.5,770300,598750,1098500,1014900
650,764250,597750,1096650,1008200
650.5,784650,599000,1094900,999650
651,779900,605600,1090550,1007400
651.5,765600,606350,1085100,999750
652,780050,601950,1087750,1001400
652.5,788550,604850,1090450,1005700
653,767150,605050,1087600,1011100
653.5,773100,606750,1082450,1018650
654,774250,611150,1102300,1020850
654.5,780550,604550,1109400,1010550
655,767650,609100,1106150,1012950
655.5,765300,606250,1099700,1019050
656,769600,602600,1109550,1026000
656.5,759900,595400,1103750,1022900
657,763100,597500,1103400,1021900
657.5,760800,592300,1104200,1025550
658,759000,592050,1096050,1018250
658.5,759500,596650,1100300,1016050
659,757650,595050,1108700,1016000
659.5,752200,595900,1102350,1021150
660,747600,592050,1098300,1016300
660.5,748200,589450,1104050,1023900
661,747150,596100,1119800,1020300
661.5,750450,590350,1099200,1012450
662,739950,588650,1103250,1033900
662.5,754400,594200,1113350,1027600
663,750250,599000,1108150,1013800
663.5,748550,591550,1103750,1017250
664,743600,594000,1114300,1025050
664.5,754050,594500,1110050,1017200
665,756300,589850,1112700,1024550
665.5,750900,586250,1103300,1027850
666,746100,592700,1106800,1020350
666.5,750100,589750,1092700,1022550
667,748050,593600,1105100,1026700
667.5,743200,590150,1112550,1033000
668,744300,585950,1110000,1024250
668.5,743650,590300,1098400,1027200
669,748550,589700,1110450,1024000
669.5,747550,590250,1112800,1033150
670,745500,594250,1111350,1025400
670.5,748000,593650,1105350,1024650
671,762500,599700,1117950,1021350
671.5,751650,591450,1117900,1010950
672,747450,596350,1119650,1023900
672.5,742200,594450,1125050,1027350
673,745800,598850,1117200,1016850
673.5,750950,596100,1106250,1021700
674,741850,594550,1117900,1026400
674.5,748700,596800,1109750,1012750
675,749250,596150,1116700,1023450
675.5,751950,594300,1120850,1026050
676,747400,594800,1112850,1020850
676.5,747200,603450,1116250,1020350
677,753700,595000,1115900,1026000
677.5,753400,601400,1118550,1030550
678,752200,594600,1108300,1037850
678.5,754150,604000,1122250,1032450
679,748000,601500,1131400,1033100
679.5,749050,598200,1116400,1040050
680,757050,599200,1106450,1037900
680.5,751800,604700,1118850,1042800
681,752300,601500,1115700,1031750
681.5,752000,612800,1118500,1028600
682,750100,604300,1121750,1035850
682.5,752950,609950,1128300,1031550
683,751600,609200,1118400,1033900
683.5,750700,604000,1117800,1039500
684,760200,605000,1117750,1044700
684.5,757550,608900,1121950,1041850
685,752050,606700,1122550,1043350
685.5,756300,603850,1123700,1042550
686,759800,605150,1129850,1038700
686.5,752850,605200,1126300,1046950
687,751050,609300,1133500,1041250
687.5,758600,606200,1126050,1046000
688,753850,601200,1136400,1032750
688.5,754650,598500,1124350,1030800
689,758200,597800,1131050,1039750
689.5,758300,603150,1125200,1049700
690,749450,606400,1129300,1043850
690.5,748000,612000,1130800,1040450
691,754500,610150,1125750,1044750
691.5,755250,617650,1134350,1055250
692,751050,598100,1137100,1037650
692.5,751500,604500,1127900,1045550
693,751550,613250,1130550,1055550
693.5,752300,615850,1133350,1058550
694,758550,613500,1137150,1048600
694.5,759700,610250,1134700,1040750
695,752500,616500,1138400,1046950
695.5,761250,614000,1138400,1048350
696,766000,624700,1141400,1042700
696.5,763750,618000,1147350,1056400
697,758350,620200,1145550,1058800
697.5,756700,620600,1140450,1042200
698,761800,617650,1135100,1053750
698.5,763100,621000,1152550,1052700
699,762150,622050,1157350,1051200
699.5,770350,623100,1140300,1050400
700,761150,622050,1146750,1048050
700.5,765300,619950,1147450,1049250
701,765800,621750,1152400,1056800
701.5,763500,614150,1147850,1058650
702,765500,614350,1144700,1060450
702.5,763450,612850,1152150,1057250
703,767100,625200,1156100,1054600
703.5,770450,617850,1155400,1061600
704,762450,617500,1160400,1060800
704.5,767250,616100,1165150,1060050
705,767850,620400,1158600,1062500
705.5,761050,621550,1153450,1056550
706,765300,616350,1160750,1059850
706.5,760250,624450,1170150,1062050
707,764700,620900,1166950,1062150
707.5,767500,619000,1159650,1051900
708,765300,620050,1152350,1049550
708.5,768350,621400,1155400,1050350
709,766050,620500,1159350,1062400
709.5,764850,615050,1173400,1057900
710,764600,622600,1163100,1054600
710.5,770500,618650,1154200,1060800
711,768550,614050,1155350,1062350
711.5,761050,615800,1166300,1058050
712,754650,619950,1173050,1052550
712.5,762150,617150,1163550,1061850
713,770900,619950,1167150,1066350
713.5,762000,622600,1167000,1063600
714,757900,619500,1177200,1058650
714.5,766550,623100,1169350,1065600
715,771700,619650,1175450,1061400
715.5,765300,622350,1173600,1060800
716,773200,622500,1169850,1065850
716.5,773850,616750,1175800,1065550
717,771050,618600,1174550,1070800
717.5,769350,616150,1181900,1074100
718,766250,621500,1176000,1068150
718.5,777950,623000,1172050,1079550
719,772350,623650,1173900,1073150
719.5,765800,623450,1178550,1070550
720,765050,620850,1171900,1070950
720.5,762650,626000,1170200,1082950
721,773600,618600,1177650,1082700
721.5,768950,618750,1180200,1070700
722,774800,618500,1173550,1070100
722.5,771050,622800,1164250,1078850
723,771700,622650,1187100,1078350
723.5,772800,624750,1185700,1065600
724,779550,621400,1175300,1067000
724.5,777150,622050,1170100,1083400
725,767550,615850,1179200,1084400
725.5,772600,625600,1184750,1070200
726,764550,626250,1181350,1070150
726.5,774600,620250,1184850,1071200
727,769350,625000,1179400,1074300
727.5,770850,628200,1179450,1075500
728,771750,632050,1181900,1073050
728.5,766800,628700,1186250,1084350
729,773350,628000,1184100,1076100
729.5,770000,627950,1183750,1087550
730,768950,631250,1178200,1083550
730.5,772350,623650,1189150,1086000
731,772850,627500,1184200,1081000
731.5,771850,627850,1188000,1079150
732,764850,621800,1184350,1077700
732.5,777350,628750,1188400,1084850
733,768750,626550,1191850,1072200
733.5,765350,619050,1191500,1071950
734,764050,631000,1177850,1065050
734.5,768100,624950,1195650,1077750
735,773000,622100,1187300,1087450
735.5,765200,619900,1174650,1077600
736,767450,616700,1182600,1074850
736.5,768750,625250,1187950,1074600
737,759100,631950,1184550,1078450
737.5,763300,625500,1181850,1079550
738,770750,627250,1186000,1075300
738.5,762050,628850,1184350,1077050
739,761250,622600,1186150,1084450
739.5,755500,621400,1185300,1083600
740,760750,628800,1190700,1083300
740.5,754000,628850,1190500,1074350
741,757950,625000,1183000,1073350
741.5,767500,632700,1185100,1074500
742,764650,636050,1189350,1085050
742.5,752950,624900,1189700,1072850
743,761950,631150,1181100,1082950
743.5,760650,632400,1184700,1090200
744,758000,630050,1182250,1087550
744.5,758400,631250,1189200,1090500
745,761750,626150,1188650,1084950
745.5,753400,627350,1197400,1088650
746,760050,631200,1188000,1095600
746.5,764050,622750,1188150,1086400
747,764500,620850,1196550,1078400
747.5,762450,626100,1201150,1083500
748,752200,632550,1193000,1086400
748.5,755950,627250,1202350,1094850
749,763300,624000,1199300,1092850
749.5,775150,629150,1209750,1088400
750,762800,626750,1209600,1079300
750.5,762300,625200,1204650,1089400
751,761600,623150,1206850,1088200
751.5,765250,616050,1198500,1090300
752,758550,617600,1206850,1084300
752.5,751150,622350,1199350,1097500
753,759700,621550,1205700,1092950
753.5,764600,621050,1208150,1095300
754,757750,623300,1213150,1091450
754.5,758500,629550,1209000,1103550
755,760200,624250,1207800,1096750
755.5,760050,621750,1212150,1094950
756,759550,637750,1208850,1101400
756.5,764650,630650,1208050,1104650
757,761550,634700,1213800,1108750
757.5,762100,633950,1209850,1092900
758,755450,629450,1219500,1091200
758.5,757150,628850,1217500,1099900
759,760550,626650,1206900,1107950
759.5,761850,628150,1215950,1098950
760,753850,620000,1214350,1084550
760.5,749100,612000,1207200,1090350
761,759000,617900,1201950,1099900
761.5,753550,624550,1207750,1096150
762,754550,621150,1208350,1092700
762.5,756550,616600,1213500,1097350
763,756100,622450,1206850,1100650
763.5,755150,625550,1214800,1101700
764,751350,616450,1214450,1102250
764.5,743950,618300,1233100,1110000
765,751000,623250,1235150,1107250
765.5,757800,624800,1230450,1101800
766,765850,618750,1226150,1104100
766.5,760900,613500,1224650,1105250
767,755100,616750,1223700,1111050
767.5,759650,620450,1228500,1101300
768,749500,621400,1235350,1107750
768.5,744400,625950,1232150,1110700
769,738550,617550,1218350,1103750
769.5,741400,622050,1217400,1109800
770,737950,619300,1238550,1107900
770.5,733750,618400,1226500,1100650
771,726950,622950,1219300,1098750
771.5,726800,620850,1226150,1105350
772,726500,622900,1212350,1101150
772.5,721200,615600,1206700,1104150
773,716350,623800,1215650,1101350
773.5,717050,629400,1220650,1096400
774,707800,626850,1206300,1093650
774.5,707100,621900,1202600,1098650
775,707100,617850,1207200,1093300
775.5,701750,624900,1210900,1097200
776,697250,627800,1209300,1085550
776.5,690950,624250,1205600,1083750
777,687600,620300,1205550,1085800
777.5,687450,622650,1191550,1081350
778,685250,626100,1198050,1072450
778.5,686750,626950,1178200,1064000
779,685650,624850,1181450,1074100
779.5,676000,613200,1184050,1075850
780,680000,625400,1178150,1075450
780.5,674650,624700,1187350,1077950
781,673050,621400,1185800,1071850
781.5,666850,619500,1185400,1066900
782,670600,616800,1181800,1064800
782.5,670100,619600,1176850,1074600
783,656200,624700,1168700,1067300
783.5,655250,619850,1181900,1064400
784,643950,628550,1176100,1065550
784.5,651700,628100,1174350,1062100
785,654400,624550,1173600,1066450
785.5,657400,621550,1164150,1064600
786,662700,616750,1174950,1068000
786.5,649900,618300,1171350,1064000
787,653850,621450,1182300,1058650
787.5,655300,620100,1174550,1065250
788,653650,627450,1168000,1061100
788.5,655350,623450,1168800,1061800
789,654850,623050,1170800,1057250
789.5,658150,622900,1169500,1054000
790,658500,620450,1163300,1050750
790.5,656050,619750,1161750,1060350
791,662750,625900,1171800,1062000
791.5,670650,621900,1179650,1059000
792,656550,614250,1172150,1058400
792.5,656050,616600,1173300,1057400
793,651650,628150,1172900,1063800
793.5,656950,627700,1167300,1067150
794,656000,626750,1163450,1075200
794.5,655200,627850,1168000,1075950
795,653150,627550,1168050,1051950
795.5,653800,618850,1175350,1065750
796,660950,621200,1160700,1065700
796.5,658750,634100,1165500,1064200
797,655100,630250,1165400,1061450
797.5,655150,638450,1161600,1067800
798,658150,630350,1165950,1066800
798.5,663950,630650,1163400,1047000
799,656900,621300,1163850,1063100
799.5,656550,631500,1166550,1060250
800,664950,637200,1172400,1054250
800.5,659100,634650,1172700,1048850
801,662300,634800,1174900,1055000
801.5,657000,630300,1164100,1071250
802,656250,627000,1165450,1069850
802.5,664050,635000,1158650,1059450
803,659650,633200,1166350,1051750
803.5,650700,638350,1160850,1052100
804,656950,629400,1165350,1057850
804.5,657950,635050,1166100,1066850
805,666500,630400,1172950,1051400
805.5,661200,632800,1169000,1056200
806,658000,633250,1173150,1061100
806.5,667350,631000,1169050,1056250
807,669350,632400,1173750,1056100
807.5,663850,636200,1178800,1058400
808,662950,632950,1171250,1060700
808.5,671050,630050,1177550,1061350
809,663500,631000,1168500,1068500
809.5,666350,636850,1175100,1065150
810,662950,645900,1169050,1070950
810.5,669850,633900,1174750,1061150
811,662000,632900,1172600,1057900
811.5,668700,630550,1177000,1068200
812,667250,633650,1173500,1072000
812.5,669000,636350,1184200,1081650
813,658500,639100,1190050,1072500
813.5,662600,638650,1177400,1071750
814,667400,641000,1177550,1078750
814.5,676650,639000,1190950,1082200
815,675250,641850,1197550,1074150
815.5,671200,630350,1179500,1073600
816,662850,642650,1176250,1077700
816.5,672700,632550,1175450,1071600
817,667400,640350,1190500,1075250
817.5,665400,641750,1188000,1069900
818,661400,639600,1190250,1071250
818.5,671500,647950,1190350,1083800
819,667900,636250,1193500,1079450
819.5,660350,641750,1198800,1076150
820,670250,647050,1185050,1073900
820.5,670150,646400,1192100,1084850
821,672250,635700,1202400,1086000
821.5,656850,639750,1198050,1069350
822,671100,644650,1202750,1079550
822.5,674700,651050,1193450,1079050
823,671400,639700,1195100,1082100
823.5,668100,638500,1202200,1091400
824,660400,641150,1211300,1085100
824.5,671300,649850,1202800,1076450
825,663000,656050,1202000,1072550
825.5,665400,640350,1204950,1082300
826,662650,641200,1198350,1080500
826.5,666200,648850,1205950,1089100
827,664800,649300,1208700,1085650
827.5,674200,651350,1197500,1088450
828,665350,648400,1204500,1090900
828.5,665900,644150,1209800,1089000
829,666450,643550,1210500,1082300
829.5,667950,646250,1212450,1093200
830,656750,648900,1211750,1100650
830.5,666000,647550,1211350,1097150
831,668500,644950,1203700,1095250
831.5,663900,647450,1212700,1094300
832,661000,658100,1220250,1103850
832.5,666950,650150,1218100,1094650
833,672000,650800,1213350,1094050
833.5,668300,652500,1216400,1099950
834,675800,650000,1220100,1106650
834.5,663200,650300,1231450,1097000
835,676650,654200,1228100,1101100
835.5,674600,652900,1223650,1107300
836,678350,648800,1224050,1100600
836.5,671050,656400,1239850,1106400
837,670100,651550,1246150,1114250
837.5,661000,649250,1246050,1118750
838,669250,657050,1253200,1112350
838.5,670600,657350,1242050,1110000
839,676000,653550,1252450,1110850
839.5,677500,652600,1244600,1117100
840,670500,661750,1239200,1105750
840.5,667750,656150,1234500,1100050
841,673750,653750,1229350,1095050
841.5,675750,650400,1227950,1100000
842,681400,658400,1227300,1089850
842.5,684350,652350,1217050,1083050
843,673100,652850,1206100,1076000
843.5,673300,652250,1200250,1071300
844,680150,665450,1201600,1080350
844.5,682850,659700,1204050,1084600
845,674900,654150,1204350,1081200
845.5,674550,661900,1190300,1075300
846,669600,661400,1204700,1074400
846.5,680650,658050,1210000,1080350
847,678700,656200,1206950,1079350
847.5,669450,660300,1195350,1075650
848,681350,661500,1185450,1066800
848.5,683500,655450,1185450,1064700
849,680000,659300,1181950,1067300
849.5,671100,661300,1176100,1051100
850,671900,664750,1175900,1062250
850.5,677150,658900,1158900,1042800
851,687050,659700,1157750,1051300
851.5,681100,661300,1161150,1038400
852,679750,662850,1136350,1035600
852.5,681000,665300,1140350,1025500
853,684550,659600,1141950,1035800
853.5,681550,658150,1143400,1037100
854,677900,659150,1138700,1031200
854.5,685850,657300,1140700,1021600
855,684000,661200,1149100,1019000
855.5,679100,656850,1147550,1026200
856,671550,654950,1142950,1027350
856.5,673800,664450,1145600,1023750
857,688850,665600,1132550,1016550
857.5,684250,660600,1133650,1019500
858,682150,664650,1135200,1027250
858.5,673650,669700,1137550,1029650
859,682050,658800,1130750,1019650
859.5,686500,664650,1126500,1016450
860,684800,665200,1124400,1020700
860.5,678000,660400,1124750,1033650
861,683950,658850,1119200,1020000
861.5,688000,666350,1109000,1020150
862,685200,662100,1112500,1011700
862.5,684550,666150,1113700,1022050
863,687450,672100,1122650,1020300
863.5,685350,665900,1101350,1015750
864,676200,670000,1114200,1009100
864.5,681800,668650,1123500,1015050
865,686400,672800,1110250,1024450
865.5,689800,674500,1113400,1017700
866,682850,669950,1124550,1007850
866.5,688450,671650,1110850,1010400
867,697700,666550,1117550,1001750
867.5,694250,669750,1119200,1013900
868,695700,670850,1117600,1016000
868.5,685450,672400,1118500,1010200
869,686900,669900,1111850,998300
869.5,695400,668700,1111350,1003450
870,700750,666350,1115950,1010500
870.5,698700,672400,1112800,1009050
871,698400,669800,1106600,1001950
871.5,688050,668450,1110000,1002800
872,694400,674300,1111750,1002850
872.5,700600,672700,1114800,1005800
873,695800,669950,1110350,1006600
873.5,697100,666750,1107200,998150
874,695550,672500,1111150,999050
874.5,696150,676900,1112700,1014550
875,694250,675150,1110700,1005800
875.5,699250,671400,1114250,1005850
876,699000,666800,1110950,1008450
876.5,696700,671250,1114950,1010000
877,695300,680900,1119750,1007200
877.5,699750,667200,1123600,1006100
878,699500,666750,1118900,1019450
878.5,699400,665950,1112300,1019300
879,699650,676000,1116250,1018450
879.5,695700,682050,1120900,1012900
880,703750,677900,1115750,1018250
880.5,699750,674650,1114000,1028000
881,699000,676700,1106800,1024650
881.5,693700,678050,1110350,1019500
882,703400,683000,1127950,1018100
882.5,708100,676350,1124150,1019500
883,696050,679950,1133000,1015750
883.5,698500,685800,1122300,1022700
884,692950,679350,1123000,1017600
884.5,692800,677750,1128300,1017900
885,701650,682150,1134950,1011750
885.5,701600,684650,1122700,1027450
886,700600,684250,1127800,1024500
886.5,682900,687550,1130600,1023200
887,699100,680900,1117100,1024100
887.5,697750,679250,1130650,1025950
888,692200,688150,1132000,1018200
888.5,694850,681500,1129400,1022750
889,694800,687050,1130300,1024800
889.5,697400,694650,1132950,1031850
890,694000,688900,1130250,1028700
890.5,701500,686250,1131450,1039950
891,696800,683050,1135800,1040400
891.5,698800,691150,1149250,1026000
892,697150,693550,1135550,1036050
892.5,696500,686500,1128150,1038650
893,702900,685500,1136600,1040800
893.5,702100,686650,1139950,1035550
894,706700,685950,1140400,1034700
894.5,705300,698200,1145850,1040600
895,705050,686450,1143800,1032750
895.5,696450,688700,1147100,1042350
896,704700,690750,1150200,1042650
896.5,703250,693100,1159150,1042650
897,710050,693800,1147950,1038700
897.5,702950,692200,1153000,1038100
898,708750,691550,1152550,1037100
898.5,708050,688100,1159300,1041100
899,698850,696200,1160300,1033850
899.5,708850,688600,1150950,1042350
900,706750,686950,1153900,1057350
900.5,700050,687250,1157050,1044750
901,693400,690200,1155450,1044100
901.5,702250,687650,1159850,1036450
902,710050,691150,1148350,1034800
902.5,715900,695050,1161100,1040000
903,704950,689950,1161750,1035550
903.5,704300,692800,1151800,1046050
904,710650,691450,1158050,1043150
904.5,715800,688700,1155350,1043600
905,710950,682100,1168000,1049750
905.5,705550,691600,1174900,1054350
906,704300,694350,1164900,1047500
906.5,707950,687550,1169100,1052500
907,714800,691600,1157150,1056400
907.5,710950,692850,1168100,1058200
908,704700,688950,1174150,1065100
908.5,706050,697900,1177950,1065650
909,713700,700500,1178800,1068300
909.5,707300,700700,1178050,1074150
910,716800,699600,1186600,1068000
910.5,711400,703900,1182950,1075400
911,715100,699950,1192150,1088600
911.5,716950,697900,1197000,1092500
912,715100,694800,1201600,1095150
912.5,718600,691300,1204750,1099400
913,714100,700650,1209600,1100250
913.5,708250,702350,1229700,1111850
914,715500,699600,1226600,1114300
914.5,717200,698800,1248450,1113750
915,713950,692200,1241600,1114550
915.5,703250,700200,1252450,1114700
916,706200,697300,1263350,1126650
916.5,715150,700700,1271000,1133200
917,710000,705600,1276100,1146750
917.5,719000,699050,1275800,1142150
918,715000,700250,1284100,1139750
918.5,709600,702850,1290000,1142050
919,720450,709450,1275850,1130750
919.5,714800,702800,1241350,1115000
920,721250,697500,1228950,1101650
920.5,712550,709300,1195800,1072400
921,708700,713450,1171200,1061700
921.5,717500,710500,1157650,1045650
922,713600,700850,1129000,1040650
922.5,712500,709550,1116350,1028400
923,717650,712850,1102700,1005450
923.5,715950,712850,1099400,1005300
924,712700,712300,1087100,992150
924.5,705050,717700,1075150,983300
925,703750,715800,1079300,982050
925.5,711350,712000,1071150,980850
926,708000,701650,1065350,982550
926.5,716600,707600,1062950,976800
927,715500,711300,1059300,968400
927.5,712050,714000,1065150,971200
928,715600,709050,1056150,970800
928.5,714450,709750,1048900,975600
929,719500,711500,1041800,970600
929.5,716550,719350,1036600,966750
930,715650,714200,1046300,963950
930.5,718850,712200,1044750,953550
931,725100,707200,1046400,951700
931.5,723700,707350,1047350,957350
932,711800,709800,1035700,961450
932.5,713150,710150,1046350,958900
933,715600,709050,1041000,957300
933.5,721250,709750,1028850,958350
934,719300,713000,1035850,956350
934.5,716400,715250,1033450,950650
935,723950,709900,1031600,960500
935.5,721000,715700,1033100,954650
936,718850,711600,1028850,950400
936.5,719500,710300,1035450,946650
937,716050,716650,1037250,947200
937.5,715800,716050,1037800,948000
938,716000,712650,1029550,948500
938.5,725700,716350,1025500,951100
939,721700,721900,1029150,940300
939.5,719950,715550,1034750,943650
940,723050,719000,1022100,939900
940.5,715800,718150,1015750,940650
941,715200,717100,1000000,931350
941.5,720250,715650,1009050,926150
942,717600,716800,1002400,922950
942.5,714500,721550,992600,920100
943,714000,729050,1003300,924450
943.5,718050,721050,1002300,922350
944,721350,709550,997700,914100
944.5,727700,717300,986900,921300
945,724150,725450,990400,921700
945.5,720950,714200,993950,915450
946,719550,726650,981250,930200
946.5,727850,723600,990250,916800
947,716500,720600,989600,906750
947.5,718650,721600,978200,909050
948,717400,718900,982750,913750
948.5,711300,719800,987050,920550
949,714950,723300,986850,917650
949.5,710850,720600,990300,910850
950,722600,723800,981350,909050
950.5,718900,712050,986250,916650
951,720800,726600,993650,911750
951.5,720350,728400,983950,914400
952,716950,728250,985700,909400
952.5,726550,720050,978750,918900
953,720500,723450,981350,916250
953.5,716950,722300,988600,918850
954,714000,726500,986100,913950
954.5,717450,729200,982450,918700
955,715550,723700,979000,914800
955.5,711150,725800,985100,920450
956,713400,735900,991550,917500
956.5,708100,735200,989300,919050
957,709300,723000,991050,921000
957.5,699800,724500,981700,914450
958,708650,730850,973100,909600
958.5,703300,730500,981400,916400
959,702450,724850,996900,920000
959.5,703300,724550,994800,917050
960,697650,727500,991100,913700
960.5,698100,734500,981700,918350
961,692000,726350,986650,914450
961.5,695950,726600,982850,920750
962,685600,730700,993750,916400
962.5,684400,738850,995800,919550
963,687300,730950,990450,910550
963.5,682700,731350,984100,923150
964,687350,735700,990600,920250
964.5,682650,740300,988500,920800
965,676550,737750,989200,922400
965.5,677950,728800,994950,920200
966,678400,736400,985400,920200
966.5,680500,734500,984650,916600
967,679900,736700,987500,920650
967.5,677700,737800,988150,917800
968,671750,738000,989700,915650
968.5,672850,738100,996900,914600
969,679100,740450,999800,915000
969.5,678600,736300,993600,916850
970,669800,736800,983750,922450
970.5,669900,740150,988200,923250
971,667450,747650,997750,916000
971.5,673550,743850,997950,913750
972,672050,740200,996100,907950
972.5,671900,736650,989750,915100
973,670450,738650,984700,919550
973.5,672600,747650,993400,920600
974,680550,747000,1000350,910750
974.5,677500,738600,989400,916700
975,666800,737100,993850,916550
975.5,679300,739700,998650,923450
976,671550,749200,1003700,922450
976.5,672550,744950,995850,916350
977,675750,738850,990800,924650
977.5,673800,739400,990100,918950
978,670900,744700,990750,915000
978.5,673900,745200,999950,912700
979,676050,739450,999450,917800
979.5,678800,754450,998450,923200
980,668900,753750,992250,921900
980.5,670700,746000,1003650,925550
981,678400,743600,996200,921650
981.5,674450,747500,995000,922850
982,677200,750600,996650,923000
982.5,670650,742700,1007600,921050
983,667050,743600,1005300,917950
983.5,671950,745450,992900,928300
984,671050,743900,995900,924600
984.5,677450,752050,998250,921550
985,677300,754050,1003300,924850
985.5,677950,744150,1003550,923300
986,676250,744150,1004000,924100
986.5,675250,740750,999600,919000
987,674450,751800,1001400,924100
987.5,672200,753900,1007200,924050
988,681950,756500,1002850,929000
988.5,683400,751500,999750,925150
989,676700,755000,1003900,920000
989.5,683900,749750,1008800,924300
990,678700,757750,1002600,936900
990.5,681100,754600,992400,931650
991,680500,764350,1000000,924650
991.5,680750,756100,1000100,919550
992,681050,745000,999950,924750
992.5,680400,749800,998900,916750
993,675450,758700,994300,917600
993.5,680900,755150,1001200,919850
994,692150,757950,996350,920550
994.5,684450,755850,1004600,929000
995,675550,752950,1007400,930100
995.5,679750,752700,1005150,921650
996,692050,757550,1001800,926800
996.5,682300,761750,1004500,926150
997,687000,759600,1004250,927050
997.5,687600,746750,989500,924400
998,692750,747550,1009150,923150
998.5,691450,761000,1001150,923850
999,682050,758100,1000750,928850
999.5,677150,758800,987250,930450
1000,687450,756100,1004350,917200
